68.1.210.163,4145,United States of America,High,socks5
184.185.2.12,4145,United States of America,High,socks5
107.180.90.248,8784,United States of America,High,socks5
88.202.230.103,46475,United Kingdom of Great Britain and Northern Ireland,High,socks5
66.42.224.229,41679,United States of America,High,socks5
70.166.167.38,57728,United States of America,High,socks5
146.59.18.246,9986,Norway,High,socks5
194.4.50.126,12334,Russian Federation,High,socks5
68.1.210.163,4145,United States of America,High,socks5
184.185.2.12,4145,United States of America,High,socks5
107.180.90.248,8784,United States of America,High,socks5
88.202.230.103,46475,United Kingdom of Great Britain and Northern Ireland,High,socks5
66.42.224.229,41679,United States of America,High,socks5
70.166.167.38,57728,United States of America,High,socks5
146.59.18.246,9986,Norway,High,socks5
194.4.50.126,12334,Russian Federation,High,socks5
148.72.209.174,2906,United States of America,High,socks5
162.241.46.69,62797,United States of America,High,socks5
51.158.78.200,16379,France,High,socks5
212.3.112.128,35860,Ukraine,High,socks5
5.252.23.220,1080,Russian Federation,High,socks5
207.180.198.241,55823,Germany,High,socks5
219.243.212.118,1080,China,High,socks5
132.148.128.8,22773,United States of America,High,socks5
82.223.121.72,54368,Spain,High,socks5
92.205.61.38,29249,Germany,High,socks5
94.23.252.168,9180,France,High,socks5
107.180.88.173,59820,United States of America,High,socks5
146.19.106.193,12334,France,High,socks5
198.57.229.185,64767,United States of America,High,socks5
104.238.111.107,21453,United States of America,High,socks5
170.106.193.128,30001,Singapore,High,socks5
92.204.135.203,29212,Germany,High,socks5
67.205.177.122,61942,United States of America,High,socks5
146.59.18.246,40975,Norway,High,socks5
104.200.135.46,4145,United States of America,High,socks5
184.181.217.220,4145,United States of America,High,socks5
167.99.39.82,46015,Netherlands,High,socks5
104.248.158.78,12403,Singapore,High,socks5
128.199.221.91,8004,Singapore,High,socks5
207.244.229.34,2275,United States of America,High,socks5
207.244.229.34,46497,United States of America,High,socks5
112.5.33.179,999,China,High,socks5
162.240.19.133,46810,United States of America,High,socks5
5.252.23.249,1080,Russian Federation,High,socks5
162.241.53.72,55693,United States of America,High,socks5
178.79.165.164,7377,Netherlands,High,socks5
184.170.245.148,4145,United States of America,High,socks5
188.165.252.198,10661,France,High,socks5
162.241.53.72,34099,United States of America,High,socks5
103.97.179.115,1080,Hong Kong,High,socks5
154.16.116.166,2512,United States of America,High,socks5
45.117.179.179,55606,Viet Nam,High,socks5
62.210.122.213,31210,France,High,socks5
77.75.230.115,4249,Spain,High,socks5
160.153.245.187,42879,United States of America,High,socks5
92.204.134.38,34261,Germany,High,socks5
188.164.196.30,64988,Spain,High,socks5
43.133.71.20,15673,Japan,High,socks5
72.167.220.46,28810,United States of America,High,socks5
162.214.121.173,31179,United States of America,High,socks5
51.158.108.134,16379,France,High,socks5
104.248.151.220,53177,Singapore,High,socks5
203.161.32.242,61070,Singapore,High,socks5
64.202.186.2,42587,United States of America,High,socks5
132.148.128.8,21925,United States of America,High,socks5
104.238.111.107,30026,United States of America,High,socks5
146.59.18.246,9755,Norway,High,socks5
37.187.73.7,10362,France,High,socks5
164.92.86.113,54597,United States of America,High,socks5
107.180.89.185,27558,United States of America,High,socks5
195.98.77.224,1080,Russian Federation,High,socks5
45.81.232.17,33549,Germany,High,socks5
103.130.218.135,32338,Viet Nam,High,socks5
162.241.45.22,33082,United States of America,High,socks5
45.81.232.17,47056,Germany,High,socks5
188.165.237.26,52982,France,High,socks5
51.79.87.144,30464,Canada,High,socks5
103.35.189.217,1080,Japan,High,socks5
51.158.98.211,16379,France,High,socks5
142.54.236.97,4145,United States of America,High,socks5
116.97.240.147,4996,Viet Nam,High,socks5
51.159.221.176,63003,France,High,socks5
94.23.220.136,63665,France,High,socks5
162.240.22.184,48026,United States of America,High,socks5
66.248.237.179,56740,-,High,socks5
173.212.209.49,2199,Germany,High,socks5
162.241.50.179,57364,United States of America,High,socks5
162.241.46.40,60708,United States of America,High,socks5
174.77.111.197,4145,United States of America,High,socks5
166.62.121.127,45248,United States of America,High,socks5
162.241.45.22,63501,United States of America,High,socks5
51.68.164.77,16664,Germany,High,socks5
107.180.92.72,9470,United States of America,High,socks5
188.164.197.178,3756,Spain,High,socks5
43.155.142.116,15673,Japan,High,socks5
216.10.242.18,31586,India,High,socks5
5.252.23.206,1080,Russian Federation,High,socks5
82.223.121.72,4985,Spain,High,socks5
104.37.135.145,4145,United States of America,High,socks5
51.15.209.188,16379,France,High,socks5
72.210.252.134,46164,United States of America,High,socks5
139.198.120.15,29527,China,High,socks5
142.54.237.34,4145,United States of America,High,socks5
92.204.134.38,52929,Germany,High,socks5
51.158.111.76,16379,France,High,socks5
66.228.37.252,46695,United States of America,High,socks5
161.97.163.52,23288,United States of America,High,socks5
184.181.217.194,4145,United States of America,High,socks5
208.109.14.49,59760,United States of America,High,socks5
68.71.249.153,48606,United States of America,High,socks5
148.72.212.252,33516,United States of America,High,socks5
72.37.216.68,4145,United States of America,High,socks5
50.63.12.33,23859,United States of America,High,socks5
51.75.126.150,15474,France,High,socks5
163.172.153.194,16379,France,High,socks5
104.248.158.78,53396,Singapore,High,socks5
163.172.147.89,16379,France,High,socks5
206.220.175.2,4145,United States of America,High,socks5
147.124.212.31,30508,United States of America,High,socks5
162.240.147.141,44487,United States of America,High,socks5
67.201.59.70,4145,United States of America,High,socks5
188.164.197.178,4026,Spain,High,socks5
137.184.182.145,28357,United States of America,High,socks5
159.223.71.71,52542,United States of America,High,socks5
62.109.0.18,24302,Russian Federation,High,socks5
72.195.34.41,4145,United States of America,High,socks5
208.109.13.93,53778,United States of America,High,socks5
147.124.212.31,33526,United States of America,High,socks5
137.184.182.145,26114,United States of America,High,socks5
159.89.194.121,42490,Singapore,High,socks5
98.181.137.80,4145,United States of America,High,socks5
107.180.88.41,28060,United States of America,High,socks5
92.205.61.38,20389,Germany,High,socks5
92.205.110.118,64422,Germany,High,socks5
107.180.90.88,29869,United States of America,High,socks5
213.136.79.177,32930,Germany,High,socks5
45.81.232.17,59421,Germany,High,socks5
184.168.121.153,1397,United States of America,High,socks5
46.182.6.69,35770,Switzerland,High,socks5
51.15.139.15,16379,France,High,socks5
161.49.176.173,1338,Philippines,High,socks5
51.158.98.197,16379,France,High,socks5
132.148.245.247,26295,United States of America,High,socks5
166.62.88.163,26190,United States of America,High,socks5
162.241.53.72,57364,United States of America,High,socks5
181.214.31.10,57444,United States of America,High,socks5
94.23.220.136,50563,France,High,socks5
37.32.98.160,8998,Spain,High,socks5
37.32.98.160,37758,Spain,High,socks5
107.180.90.88,21166,United States of America,High,socks5
107.181.168.145,4145,United States of America,High,socks5
104.248.151.220,63648,Singapore,High,socks5
45.81.232.17,14669,Germany,High,socks5
192.163.200.82,11720,United States of America,High,socks5
162.144.32.209,20147,United States of America,High,socks5
194.4.50.61,12334,Russian Federation,High,socks5
162.214.121.11,2993,United States of America,High,socks5
180.92.235.190,9990,Bangladesh,High,socks5
167.172.159.43,1162,United States of America,High,socks5
192.111.134.10,4145,United States of America,High,socks5
166.62.38.100,8730,United States of America,High,socks5
98.162.25.23,4145,United States of America,High,socks5
107.180.101.226,5050,United States of America,High,socks5
54.39.50.68,26303,Canada,High,socks5
98.170.57.249,4145,United States of America,High,socks5
50.63.12.33,61464,United States of America,High,socks5
188.164.197.178,25348,Spain,High,socks5
194.4.50.60,12334,Russian Federation,High,socks5
163.172.132.238,16379,France,High,socks5
45.117.179.179,28482,Viet Nam,High,socks5
92.204.134.38,25825,Germany,High,socks5
45.117.179.179,18701,Viet Nam,High,socks5
98.188.47.150,4145,United States of America,High,socks5
162.241.46.69,46849,United States of America,High,socks5
162.243.55.12,50941,United States of America,High,socks5
128.199.221.91,50223,Singapore,High,socks5
92.204.135.203,10824,Germany,High,socks5
1.15.62.12,5678,China,High,socks5
199.102.105.242,4145,United States of America,High,socks5
66.228.33.190,44809,United States of America,High,socks5
142.54.239.1,4145,United States of America,High,socks5
45.185.236.254,1080,Brazil,High,socks5
172.93.111.235,25485,United States of America,High,socks5
80.76.43.203,1080,Russian Federation,High,socks5
148.72.209.174,39458,United States of America,High,socks5
208.109.14.49,46047,United States of America,High,socks5
172.104.154.229,1120,Netherlands,High,socks5
148.72.215.79,13305,United States of America,High,socks5
51.89.173.40,27887,United Kingdom of Great Britain and Northern Ireland,High,socks5
167.86.102.169,16823,Germany,High,socks5
166.62.38.100,42126,United States of America,High,socks5
107.180.88.173,59609,United States of America,High,socks5
181.214.31.10,42655,United States of America,High,socks5
45.117.179.179,14791,Viet Nam,High,socks5
107.180.101.226,56316,United States of America,High,socks5
160.153.245.187,6116,United States of America,High,socks5
37.187.91.192,11721,France,High,socks5
216.10.242.18,40571,India,High,socks5
148.72.23.56,60069,United States of America,High,socks5
51.79.87.144,18636,Canada,High,socks5
159.223.71.71,51187,United States of America,High,socks5
199.229.254.129,4145,United States of America,High,socks5
103.174.178.249,2004,-,High,socks5
37.44.238.2,60796,France,High,socks5
67.205.177.122,21108,United States of America,High,socks5
107.180.90.88,63100,United States of America,High,socks5
51.15.210.79,16379,France,High,socks5
51.15.254.129,16379,France,High,socks5
187.63.9.62,63253,Brazil,High,socks5
207.244.254.30,16491,United States of America,High,socks5
50.63.12.33,40838,United States of America,High,socks5
114.236.93.203,15599,China,High,socks5
103.144.18.137,2002,Indonesia,High,socks5
148.72.209.174,64938,United States of America,High,socks5
50.63.12.101,61797,United States of America,High,socks5
132.148.16.169,55610,United States of America,High,socks5
159.223.166.21,5199,United States of America,High,socks5
172.93.111.87,40166,United States of America,High,socks5
164.92.86.113,55651,United States of America,High,socks5
46.226.148.105,9352,Spain,High,socks5
103.115.20.52,8199,Japan,High,socks5
203.96.177.211,55005,Bangladesh,High,socks5
203.96.177.211,22280,Bangladesh,High,socks5
51.89.173.40,17982,United Kingdom of Great Britain and Northern Ireland,High,socks5
139.162.238.184,39652,United Kingdom of Great Britain and Northern Ireland,High,socks5
213.136.79.177,56205,Germany,High,socks5
209.222.97.30,19481,United States of America,High,socks5
194.163.129.90,63957,Germany,High,socks5
209.126.104.38,39369,United States of America,High,socks5
213.136.79.177,35358,Germany,High,socks5
148.72.212.183,45012,United States of America,High,socks5
37.32.98.160,43813,Spain,High,socks5
198.12.255.193,45274,United States of America,High,socks5
142.54.229.249,4145,United States of America,High,socks5
66.228.33.190,46648,United States of America,High,socks5
51.79.87.144,54395,Canada,High,socks5
162.214.170.144,34617,United States of America,High,socks5
192.163.200.196,59559,United States of America,High,socks5
148.66.130.53,13305,Singapore,High,socks5
51.15.223.24,16379,France,High,socks5
198.8.84.3,4145,United States of America,High,socks5
164.92.86.113,60283,United States of America,High,socks5
43.135.162.16,47069,Japan,High,socks5
88.202.230.103,39647,United Kingdom of Great Britain and Northern Ireland,High,socks5
5.44.42.115,58386,Russian Federation,High,socks5
51.222.241.8,62916,France,High,socks5
159.223.71.71,51213,United States of America,High,socks5
49.156.41.179,21,Cambodia,High,socks5
146.19.106.194,12334,France,High,socks5
92.204.134.38,30747,Germany,High,socks5
50.62.58.158,34018,United States of America,High,socks5
162.241.45.22,50528,United States of America,High,socks5
147.124.212.31,51825,United States of America,High,socks5
162.241.46.40,34172,United States of America,High,socks5
199.187.210.54,4145,United States of America,High,socks5
161.97.163.52,55109,United States of America,High,socks5
8.142.3.145,3306,China,High,socks5
194.4.50.125,12334,Russian Federation,High,socks5
198.12.255.193,6821,United States of America,High,socks5
192.169.226.96,31640,United States of America,High,socks5
37.187.91.192,17605,France,High,socks5
74.119.144.60,4145,United States of America,High,socks5
154.12.253.232,64196,United States of America,High,socks5
66.228.33.190,36702,United States of America,High,socks5
42.193.58.96,8080,China,High,socks5
107.180.88.173,24766,United States of America,High,socks5
192.252.220.92,17328,United States of America,High,socks5
192.169.244.80,49588,United States of America,High,socks5
51.222.241.8,7822,France,High,socks5
194.44.208.62,80,Ukraine,High,socks5
159.223.166.21,34008,United States of America,High,socks5
203.96.177.211,48553,Bangladesh,High,socks5
45.81.232.17,21481,Germany,High,socks5
162.241.46.69,58330,United States of America,High,socks5
194.31.79.75,10073,Turkey,High,socks5
162.214.90.49,59997,United States of America,High,socks5
154.205.152.96,3128,South Africa,High,socks5
135.148.10.161,60415,United States of America,High,socks5
199.58.185.9,4145,United States of America,High,socks5
95.111.227.164,20170,Ukraine,High,socks5
46.182.6.69,38780,Switzerland,High,socks5
72.195.34.58,4145,United States of America,High,socks5
5.252.23.220,1081,Russian Federation,High,socks5
142.54.235.9,4145,United States of America,High,socks5
45.81.232.17,34447,Germany,High,socks5
36.64.22.18,8199,Indonesia,High,socks5
142.54.228.193,4145,United States of America,High,socks5
162.240.39.58,62858,United States of America,High,socks5
212.118.41.204,4851,Russian Federation,High,socks5
172.245.86.128,15673,United States of America,High,socks5
31.200.242.201,12196,Spain,High,socks5
72.167.222.113,4125,United States of America,High,socks5
199.102.106.94,4145,United States of America,High,socks5
66.248.237.227,56740,-,High,socks5
92.255.88.219,1080,Russian Federation,High,socks5
185.18.198.163,43155,Spain,High,socks5
51.222.241.8,37963,France,High,socks5
138.68.155.22,34173,United Kingdom of Great Britain and Northern Ireland,High,socks5
147.124.212.31,50460,United States of America,High,socks5
81.21.82.116,1080,Azerbaijan,High,socks5
194.233.78.142,49628,Germany,High,socks5
148.72.212.198,3950,United States of America,High,socks5
50.63.12.33,34644,United States of America,High,socks5
194.4.50.132,12334,Russian Federation,High,socks5
72.37.217.3,4145,United States of America,High,socks5
174.136.57.169,30453,United States of America,High,socks5
51.79.87.144,41746,Canada,High,socks5
51.89.173.40,54570,United Kingdom of Great Britain and Northern Ireland,High,socks5
161.97.74.176,30000,United States of America,High,socks5
72.206.181.97,64943,United States of America,High,socks5
31.24.44.92,50109,Spain,High,socks5
51.158.119.71,16379,France,High,socks5
185.23.118.252,55158,United Kingdom of Great Britain and Northern Ireland,High,socks5
31.24.44.92,52173,Spain,High,socks5
144.76.96.180,5566,Germany,High,socks5
98.162.25.7,31653,United States of America,High,socks5
94.131.107.45,1080,Ukraine,High,socks5
66.228.35.209,19497,United States of America,High,socks5
72.206.181.123,4145,United States of America,High,socks5
174.75.211.222,4145,United States of America,High,socks5
163.172.165.36,16379,France,High,socks5
142.54.232.6,4145,United States of America,High,socks5
98.178.72.21,10919,United States of America,High,socks5
98.188.47.132,4145,United States of America,High,socks5
24.249.199.12,4145,United States of America,High,socks5
98.175.31.195,4145,United States of America,High,socks5
184.181.217.201,4145,United States of America,High,socks5
203.161.32.218,55761,Singapore,High,socks5
221.211.62.4,1111,China,High,socks5
104.248.158.78,47225,Singapore,High,socks5
162.243.102.207,9764,United States of America,High,socks5
194.163.129.90,43076,Germany,High,socks5
54.36.122.16,39713,France,High,socks5
92.204.134.38,42571,Germany,High,socks5
162.214.121.11,3549,United States of America,High,socks5
162.241.46.40,56241,United States of America,High,socks5
162.214.121.173,41326,United States of America,High,socks5
181.212.136.34,48993,Chile,High,socks5
132.148.167.243,3404,United States of America,High,socks5
162.241.53.72,40179,United States of America,High,socks5
188.164.193.178,19434,Spain,High,socks5
154.12.253.232,57447,United States of America,High,socks5
31.217.221.74,8192,Austria,High,socks5
72.167.221.145,37764,United States of America,High,socks5
66.228.33.190,14791,United States of America,High,socks5
192.99.207.129,2542,Canada,High,socks5
37.187.91.192,27898,France,High,socks5
50.63.12.101,17559,United States of America,High,socks5
148.66.130.53,31907,Singapore,High,socks5
51.15.223.12,16379,France,High,socks5
154.12.178.107,29985,United States of America,High,socks5
107.180.90.88,64081,United States of America,High,socks5
165.227.196.37,58628,United States of America,High,socks5
192.163.200.93,22179,United States of America,High,socks5
148.72.212.252,31589,United States of America,High,socks5
203.96.177.211,61051,Bangladesh,High,socks5
193.143.1.201,4444,Russian Federation,High,socks5
31.200.242.201,15755,Spain,High,socks5
50.63.12.101,2953,United States of America,High,socks5
64.202.186.2,20189,United States of America,High,socks5
194.233.78.142,37870,Germany,High,socks5
213.136.78.200,19925,Germany,High,socks5
194.4.50.62,12334,Russian Federation,High,socks5
46.182.6.69,22907,Switzerland,High,socks5
194.4.50.94,12334,Russian Federation,High,socks5
92.205.61.38,50903,Germany,High,socks5
148.72.209.174,28295,United States of America,High,socks5
93.91.162.222,1080,Russian Federation,High,socks5
163.172.158.70,16379,France,High,socks5
159.203.5.54,58249,Canada,High,socks5
166.0.235.253,32347,United States of America,High,socks5
95.111.227.164,45935,Ukraine,High,socks5
107.180.103.214,61634,United States of America,High,socks5
92.205.61.38,4726,Germany,High,socks5
107.180.90.88,7936,United States of America,High,socks5
50.63.13.3,50887,United States of America,High,socks5
162.144.79.97,36627,United States of America,High,socks5
162.241.46.40,41442,United States of America,High,socks5
146.19.106.59,12334,France,High,socks5
162.241.53.72,30828,United States of America,High,socks5
188.164.193.178,17585,Spain,High,socks5
194.233.78.142,41119,Germany,High,socks5
162.214.102.195,60891,United States of America,High,socks5
194.233.78.142,43923,Germany,High,socks5
67.205.177.122,10250,United States of America,High,socks5
72.167.221.145,50335,United States of America,High,socks5
159.223.166.21,47460,United States of America,High,socks5
51.89.173.40,20435,United Kingdom of Great Britain and Northern Ireland,High,socks5
162.214.121.173,62976,United States of America,High,socks5
113.176.118.150,1080,Viet Nam,High,socks5
51.75.71.110,11507,Germany,High,socks5
43.128.144.12,15673,Japan,High,socks5
185.109.184.150,54565,Italy,High,socks5
188.124.230.43,17662,Russian Federation,High,socks5
148.66.130.187,20962,Singapore,High,socks5
94.23.220.136,59161,France,High,socks5
50.63.12.33,58507,United States of America,High,socks5
54.36.122.16,29796,France,High,socks5
162.214.102.195,58994,United States of America,High,socks5
132.148.167.243,28040,United States of America,High,socks5
45.117.179.179,28151,Viet Nam,High,socks5
152.32.130.117,18080,Hong Kong,High,socks5
163.172.129.251,16379,France,High,socks5
162.214.90.49,57785,United States of America,High,socks5
213.136.79.177,22680,Germany,High,socks5
64.202.186.2,32884,United States of America,High,socks5
104.238.111.107,53777,United States of America,High,socks5
45.76.150.19,50685,Singapore,High,socks5
130.255.162.199,52039,Sweden,High,socks5
134.122.43.203,56442,United States of America,High,socks5
103.130.218.135,11923,Viet Nam,High,socks5
152.228.134.212,3585,United States of America,High,socks5
188.164.193.178,53565,Spain,High,socks5
159.223.166.21,25154,United States of America,High,socks5
104.248.158.78,43620,Singapore,High,socks5
185.18.198.163,58714,Spain,High,socks5
148.72.215.79,11423,United States of America,High,socks5
66.228.35.209,48487,United States of America,High,socks5
164.92.86.113,60312,United States of America,High,socks5
213.32.66.64,56637,France,High,socks5
162.214.75.86,52163,United States of America,High,socks5
51.222.241.8,36219,France,High,socks5
162.241.46.6,53477,United States of America,High,socks5
139.162.238.184,13302,United Kingdom of Great Britain and Northern Ireland,High,socks5
92.204.134.38,56177,Germany,High,socks5
148.72.212.183,39456,United States of America,High,socks5
199.58.184.97,4145,United States of America,High,socks5
194.4.50.8,12334,Russian Federation,High,socks5
135.148.10.161,3970,United States of America,High,socks5
159.223.71.71,61818,United States of America,High,socks5
209.222.97.30,40166,United States of America,High,socks5
51.91.13.215,55637,France,High,socks5
50.63.12.33,31785,United States of America,High,socks5
162.144.121.232,16795,United States of America,High,socks5
138.68.155.22,3467,United Kingdom of Great Britain and Northern Ireland,High,socks5
184.168.121.153,10725,United States of America,High,socks5
208.102.51.6,58208,United States of America,High,socks5
146.59.18.246,64741,Norway,High,socks5
104.238.111.107,60214,United States of America,High,socks5
194.163.159.93,35081,Germany,High,socks5
206.189.145.23,50537,Singapore,High,socks5
159.223.71.71,59159,United States of America,High,socks5
51.89.173.40,30199,United Kingdom of Great Britain and Northern Ireland,High,socks5
107.170.210.100,32542,United States of America,High,socks5
132.148.154.97,10958,United States of America,High,socks5
51.75.126.150,51713,France,High,socks5
208.109.14.49,22881,United States of America,High,socks5
174.136.57.169,33761,United States of America,High,socks5
94.23.220.136,7811,France,High,socks5
92.205.61.38,24183,Germany,High,socks5
94.23.220.136,22893,France,High,socks5
213.136.78.200,20256,Germany,High,socks5
125.227.225.157,3389,Taiwan (Province of China),High,socks5
132.148.245.112,38780,United States of America,High,socks5
162.215.219.157,48117,United States of America,High,socks5
162.253.68.97,4145,United States of America,High,socks5
172.93.111.87,25485,United States of America,High,socks5
198.57.229.184,2323,United States of America,High,socks5
51.75.125.208,27029,France,High,socks5
192.169.226.96,43328,United States of America,High,socks5
81.89.211.55,1080,Armenia,High,socks5
159.223.71.71,60377,United States of America,High,socks5
72.167.221.157,46835,United States of America,High,socks5
159.223.71.71,49922,United States of America,High,socks5
138.197.92.110,2312,United States of America,High,socks5
165.227.196.37,61899,United States of America,High,socks5
132.148.245.55,22508,United States of America,High,socks5
125.141.133.47,5566,Korea (Republic of),High,socks5
188.164.196.31,53276,Spain,High,socks5
162.241.53.72,40170,United States of America,High,socks5
159.223.71.71,59098,United States of America,High,socks5
148.72.23.56,46451,United States of America,High,socks5
162.214.154.141,43581,United States of America,High,socks5
51.158.122.48,16379,France,High,socks5
51.15.240.207,16379,France,High,socks5
164.92.86.113,63358,United States of America,High,socks5
67.227.186.23,64153,United States of America,High,socks5
92.205.110.47,16865,Germany,High,socks5
50.63.13.3,40129,United States of America,High,socks5
132.148.128.8,7392,United States of America,High,socks5
188.164.196.30,62966,Spain,High,socks5
162.214.154.138,32753,United States of America,High,socks5
92.205.61.38,21286,Germany,High,socks5
162.210.192.136,38998,United States of America,High,socks5
50.63.12.33,62592,United States of America,High,socks5
92.204.134.38,59727,Germany,High,socks5
148.72.215.79,48623,United States of America,High,socks5
62.171.131.101,37447,Germany,High,socks5
186.126.120.130,1080,Argentina,elite,socks5
104.16.105.207,80,Canada,elite,socks5
188.166.231.167,7497,Singapore,elite,socks5
193.106.57.7,33429,Ukraine,elite,socks5
199.188.93.163,9000,United States of America,elite,socks5
8.210.54.50,10081,Hong Kong,elite,socks5
119.199.225.148,4145,Korea, Republic of,elite,socks5
157.245.77.149,2817,Netherlands,elite,socks5
192.46.233.158,61968,Germany,elite,socks5
38.127.179.121,11537,United States of America,elite,socks5
217.115.115.247,56792,Ireland,elite,socks5
177.91.83.116,4153,Brazil,elite,socks5
104.25.194.175,80,Canada,elite,socks5
217.115.115.253,56792,Ireland,elite,socks5
104.255.170.63,60899,United States of America,elite,socks5
46.159.91.244,1080,Russian Federation,elite,socks5
121.205.69.62,21212,China,elite,socks5
149.28.122.98,46560,United States of America,elite,socks5
111.53.178.249,7302,China,elite,socks5
216.107.129.214,10180,United States of America,elite,socks5
147.182.229.154,7497,United States of America,elite,socks5
51.89.14.193,8080,United Kingdom of Great Britain and Northern Ireland,elite,socks5
103.124.136.138,3125,Indonesia,elite,socks5
47.112.224.70,8060,China,elite,socks5
45.76.9.121,11324,United States of America,elite,socks5
104.255.170.68,50109,United States of America,elite,socks5
91.226.35.37,5678,Ukraine,elite,socks5
85.159.210.237,37093,United Kingdom of Great Britain and Northern Ireland,elite,socks5
47.240.226.173,1080,Hong Kong,elite,socks5
199.60.103.160,80,United States of America,elite,socks5
89.39.100.173,31041,Moldova, Republic of,elite,socks5
95.38.75.146,2120,Iran, Islamic Republic of,elite,socks5
218.1.142.116,57114,China,elite,socks5
49.51.98.58,443,Canada,elite,socks5
173.255.202.28,39319,United States of America,elite,socks5
79.127.35.243,5678,Iran, Islamic Republic of,elite,socks5
178.62.229.24,45603,Netherlands,elite,socks5
206.189.131.224,7497,India,elite,socks5
103.111.55.58,8060,Indonesia,elite,socks5
43.153.174.223,443,Japan,elite,socks5
185.220.226.128,808,Türkiye,elite,socks5
195.14.22.173,80,France,elite,socks5
212.103.119.24,1080,Russian Federation,elite,socks5
51.83.34.150,34214,France,elite,socks5
101.109.19.13,8080,Thailand,elite,socks5
38.127.179.219,46656,United States of America,elite,socks5
68.183.232.4,3128,Singapore,elite,socks5
222.74.65.84,38051,China,elite,socks5
14.225.254.128,5555,Viet Nam,elite,socks5
75.119.204.158,42863,United States of America,elite,socks5
157.230.177.47,7497,United States of America,elite,socks5
115.76.248.226,8080,Viet Nam,elite,socks5
5.188.226.250,36762,Italy,elite,socks5
103.23.100.1,4145,Indonesia,elite,socks5
165.227.187.48,7497,United States of America,elite,socks5
43.153.29.34,443,United States of America,elite,socks5
103.213.245.105,4003,Hong Kong,elite,socks5
148.66.142.19,61481,Singapore,elite,socks5
119.18.145.147,45326,Bangladesh,elite,socks5
112.194.89.99,44313,China,elite,socks5
189.85.112.20,7497,Brazil,elite,socks5
117.54.201.91,9340,Indonesia,elite,socks5
5.252.179.222,32109,Russian Federation,elite,socks5
172.104.67.157,9050,Japan,elite,socks5
185.132.126.37,3128,Türkiye,elite,socks5
185.105.237.11,3128,Iran, Islamic Republic of,elite,socks5
91.241.130.127,8080,Ukraine,elite,socks5
184.168.146.10,31661,United States of America,elite,socks5
47.243.207.3,33967,Hong Kong,elite,socks5
111.199.70.169,1080,China,elite,socks5
43.132.128.186,24067,Hong Kong,elite,socks5
47.243.31.48,45102,Hong Kong,elite,socks5
124.227.14.147,7302,China,elite,socks5
8.210.206.32,47161,Hong Kong,elite,socks5
45.196.150.155,5432,United States of America,elite,socks5
34.64.4.65,80,Singapore,elite,socks5
43.134.164.228,443,Singapore,elite,socks5
51.15.190.163,14522,France,elite,socks5
104.16.241.204,80,Canada,elite,socks5
125.141.139.110,5566,Korea, Republic of,elite,socks5
138.201.140.125,15976,Germany,elite,socks5
192.141.236.3,5678,Brazil,elite,socks5
38.127.179.34,11537,United States of America,elite,socks5
41.65.236.52,1976,Egypt,elite,socks5
141.95.86.243,9050,Germany,elite,socks5
117.84.165.182,1080,China,elite,socks5
216.107.129.135,10180,United States of America,elite,socks5
58.55.134.85,1080,China,elite,socks5
172.67.38.96,80,Canada,elite,socks5
172.67.69.9,80,Canada,elite,socks5
157.185.176.44,26589,United States of America,elite,socks5
150.230.96.150,19291,Japan,elite,socks5
180.183.140.141,8080,Thailand,elite,socks5
95.216.201.74,1080,Finland,elite,socks5
46.32.230.136,7497,United Kingdom of Great Britain and Northern Ireland,elite,socks5
46.105.108.208,28477,France,elite,socks5
177.23.184.166,52935,Brazil,elite,socks5
83.142.126.147,80,Poland,elite,socks5
165.22.209.96,25150,India,elite,socks5
81.201.63.13,36643,Czechia,elite,socks5
184.174.75.86,51724,United Kingdom of Great Britain and Northern Ireland,elite,socks5
94.74.121.234,1080,Hong Kong,elite,socks5
161.97.156.209,29118,Germany,elite,socks5
123.181.151.91,1081,China,elite,socks5
43.153.30.185,443,United States of America,elite,socks5
43.153.175.43,443,Japan,elite,socks5
43.154.159.144,1080,Hong Kong,elite,socks5
203.30.191.92,80,Belize,elite,socks5
103.51.46.251,13381,Indonesia,elite,socks5
188.166.220.186,50001,Singapore,elite,socks5
178.62.202.227,7497,Netherlands,elite,socks5
203.30.191.34,80,Belize,elite,socks5
172.67.181.234,13335,Canada,elite,socks5
95.217.52.14,55445,Finland,elite,socks5
157.185.160.74,26589,United States of America,elite,socks5
120.24.52.179,3128,China,elite,socks5
111.67.197.147,6666,China,elite,socks5
128.199.59.76,29321,Netherlands,elite,socks5
110.136.167.118,8080,Indonesia,elite,socks5